"LOCATION","INDICATOR","SUBJECT","MEASURE","FREQUENCY","TIME","Value","Flag Codes"
"AUT","CPIFORECAST","TOT","AGRWTH","Q","2019-Q4",1.38406194586811,
"AUT","CPIFORECAST","TOT","AGRWTH","Q","2020-Q1",1.9686629272503,
"AUT","CPIFORECAST","TOT","AGRWTH","Q","2020-Q2",1.04901845562402,
"AUT","CPIFORECAST","TOT","AGRWTH","Q","2020-Q3",1.419567553593,
"AUT","CPIFORECAST","TOT","AGRWTH","Q","2020-Q4",1.12093109138736,
"AUT","CPIFORECAST","TOT","AGRWTH","Q","2021-Q1",1.47808779077042,
"AUT","CPIFORECAST","TOT","AGRWTH","Q","2021-Q2",2.56468624683827,
"AUT","CPIFORECAST","TOT","AGRWTH","Q","2021-Q3",3.065306548124,
"AUT","CPIFORECAST","TOT","AGRWTH","Q","2021-Q4",3.91769701517789,
"AUT","CPIFORECAST","TOT","AGRWTH","Q","2022-Q1",5.51748478806068,
"AUT","CPIFORECAST","TOT","AGRWTH","Q","2022-Q2",7.86400129797347,
"AUT","CPIFORECAST","TOT","AGRWTH","Q","2022-Q3",9.85972504731887,
"AUT","CPIFORECAST","TOT","AGRWTH","Q","2022-Q4",10.7137688448598,
"AUT","CPIFORECAST","TOT","AGRWTH","Q","2023-Q1",9.5001977886519,
"AUT","CPIFORECAST","TOT","AGRWTH","Q","2023-Q2",7.52660510962764,
"AUT","CPIFORECAST","TOT","AGRWTH","Q","2023-Q3",5.55959783599992,
"AUT","CPIFORECAST","TOT","AGRWTH","Q","2023-Q4",4.57644471889995,
"AUT","CPIFORECAST","TOT","AGRWTH","Q","2024-Q1",4.26643549542492,
"AUT","CPIFORECAST","TOT","AGRWTH","Q","2024-Q2",3.85411147962492,
"AUT","CPIFORECAST","TOT","AGRWTH","Q","2024-Q3",3.44321489612498,
"AUT","CPIFORECAST","TOT","AGRWTH","Q","2024-Q4",2.98255733349998,
"BEL","CPIFORECAST","TOT","AGRWTH","Q","2019-Q4",0.495285152658757,
"BEL","CPIFORECAST","TOT","AGRWTH","Q","2020-Q1",0.907732246623023,
"BEL","CPIFORECAST","TOT","AGRWTH","Q","2020-Q2",0.0244363743602891,
"BEL","CPIFORECAST","TOT","AGRWTH","Q","2020-Q3",0.447714029218754,
"BEL","CPIFORECAST","TOT","AGRWTH","Q","2020-Q4",0.333332316900389,
"BEL","CPIFORECAST","TOT","AGRWTH","Q","2021-Q1",0.813759987752779,
"BEL","CPIFORECAST","TOT","AGRWTH","Q","2021-Q2",2.39231806745795,
"BEL","CPIFORECAST","TOT","AGRWTH","Q","2021-Q3",3.30694279794512,
"BEL","CPIFORECAST","TOT","AGRWTH","Q","2021-Q4",6.36904277074183,
"BEL","CPIFORECAST","TOT","AGRWTH","Q","2022-Q1",9.08504687108906,
"BEL","CPIFORECAST","TOT","AGRWTH","Q","2022-Q2",9.95049493243218,
"BEL","CPIFORECAST","TOT","AGRWTH","Q","2022-Q3",10.987845611213,
"BEL","CPIFORECAST","TOT","AGRWTH","Q","2022-Q4",9.59364942438752,
"BEL","CPIFORECAST","TOT","AGRWTH","Q","2023-Q1",7.74906246949769,
"BEL","CPIFORECAST","TOT","AGRWTH","Q","2023-Q2",7.09679503853566,
"BEL","CPIFORECAST","TOT","AGRWTH","Q","2023-Q3",6.03137554100001,
"BEL","CPIFORECAST","TOT","AGRWTH","Q","2023-Q4",5.46837708679998,
"BEL","CPIFORECAST","TOT","AGRWTH","Q","2024-Q1",4.90726453875202,
"BEL","CPIFORECAST","TOT","AGRWTH","Q","2024-Q2",4.65896332090879,
"BEL","CPIFORECAST","TOT","AGRWTH","Q","2024-Q3",3.87376280635904,
"BEL","CPIFORECAST","TOT","AGRWTH","Q","2024-Q4",3.05230165328388,
"FIN","CPIFORECAST","TOT","AGRWTH","Q","2019-Q4",1.0093884086996,
"FIN","CPIFORECAST","TOT","AGRWTH","Q","2020-Q1",0.969582140545713,
"FIN","CPIFORECAST","TOT","AGRWTH","Q","2020-Q2",-0.167248997446747,
"FIN","CPIFORECAST","TOT","AGRWTH","Q","2020-Q3",0.454092443048354,
"FIN","CPIFORECAST","TOT","AGRWTH","Q","2020-Q4",0.278514791035443,
"FIN","CPIFORECAST","TOT","AGRWTH","Q","2021-Q1",1.00574496740613,
"FIN","CPIFORECAST","TOT","AGRWTH","Q","2021-Q2",2.09116316751736,
"FIN","CPIFORECAST","TOT","AGRWTH","Q","2021-Q3",1.96070909723882,
"FIN","CPIFORECAST","TOT","AGRWTH","Q","2021-Q4",3.20396556788175,
"FIN","CPIFORECAST","TOT","AGRWTH","Q","2022-Q1",4.72750429320687,
"FIN","CPIFORECAST","TOT","AGRWTH","Q","2022-Q2",6.98296453368076,
"FIN","CPIFORECAST","TOT","AGRWTH","Q","2022-Q3",8.15970895916978,
"FIN","CPIFORECAST","TOT","AGRWTH","Q","2022-Q4",8.1368006146662,
"FIN","CPIFORECAST","TOT","AGRWTH","Q","2023-Q1",7.0858348377139,
"FIN","CPIFORECAST","TOT","AGRWTH","Q","2023-Q2",5.52903952386129,
"FIN","CPIFORECAST","TOT","AGRWTH","Q","2023-Q3",4.43448762189554,
"FIN","CPIFORECAST","TOT","AGRWTH","Q","2023-Q4",4.05065932396414,
"FIN","CPIFORECAST","TOT","AGRWTH","Q","2024-Q1",3.60106064693007,
"FIN","CPIFORECAST","TOT","AGRWTH","Q","2024-Q2",3.17673323014068,
"FIN","CPIFORECAST","TOT","AGRWTH","Q","2024-Q3",2.92482603250955,
"FIN","CPIFORECAST","TOT","AGRWTH","Q","2024-Q4",2.62478971326677,
"FRA","CPIFORECAST","TOT","AGRWTH","Q","2019-Q4",1.27077889265369,
"FRA","CPIFORECAST","TOT","AGRWTH","Q","2020-Q1",1.31714900283456,
"FRA","CPIFORECAST","TOT","AGRWTH","Q","2020-Q2",0.333459370449032,
"FRA","CPIFORECAST","TOT","AGRWTH","Q","2020-Q3",0.359296334483191,
"FRA","CPIFORECAST","TOT","AGRWTH","Q","2020-Q4",0.0950502862473719,
"FRA","CPIFORECAST","TOT","AGRWTH","Q","2021-Q1",0.959319416246746,
"FRA","CPIFORECAST","TOT","AGRWTH","Q","2021-Q2",1.75908798846507,
"FRA","CPIFORECAST","TOT","AGRWTH","Q","2021-Q3",2.20219184177552,
"FRA","CPIFORECAST","TOT","AGRWTH","Q","2021-Q4",3.34232273477586,
"FRA","CPIFORECAST","TOT","AGRWTH","Q","2022-Q1",4.17620306380045,
"FRA","CPIFORECAST","TOT","AGRWTH","Q","2022-Q2",5.9188622062304,
"FRA","CPIFORECAST","TOT","AGRWTH","Q","2022-Q3",6.52515563638457,
"FRA","CPIFORECAST","TOT","AGRWTH","Q","2022-Q4",6.87373678242961,
"FRA","CPIFORECAST","TOT","AGRWTH","Q","2023-Q1",7.55799447358099,
"FRA","CPIFORECAST","TOT","AGRWTH","Q","2023-Q2",6.16313769177123,
"FRA","CPIFORECAST","TOT","AGRWTH","Q","2023-Q3",5.22358748164349,
"FRA","CPIFORECAST","TOT","AGRWTH","Q","2023-Q4",4.13506761114382,
"FRA","CPIFORECAST","TOT","AGRWTH","Q","2024-Q1",2.82192746238157,
"FRA","CPIFORECAST","TOT","AGRWTH","Q","2024-Q2",2.67553449102955,
"FRA","CPIFORECAST","TOT","AGRWTH","Q","2024-Q3",2.63979106843979,
"FRA","CPIFORECAST","TOT","AGRWTH","Q","2024-Q4",2.69088105901635,
"DEU","CPIFORECAST","TOT","AGRWTH","Q","2019-Q4",1.22897838233002,
"DEU","CPIFORECAST","TOT","AGRWTH","Q","2020-Q1",1.512780304802,
"DEU","CPIFORECAST","TOT","AGRWTH","Q","2020-Q2",0.621725975934074,
"DEU","CPIFORECAST","TOT","AGRWTH","Q","2020-Q3",-0.076433702295082,
"DEU","CPIFORECAST","TOT","AGRWTH","Q","2020-Q4",-0.554928875338611,
"DEU","CPIFORECAST","TOT","AGRWTH","Q","2021-Q1",1.68730577092855,
"DEU","CPIFORECAST","TOT","AGRWTH","Q","2021-Q2",2.1090535639008,
"DEU","CPIFORECAST","TOT","AGRWTH","Q","2021-Q3",3.59798730406405,
"DEU","CPIFORECAST","TOT","AGRWTH","Q","2021-Q4",5.46716568331981,
"DEU","CPIFORECAST","TOT","AGRWTH","Q","2022-Q1",6.05417183465183,
"DEU","CPIFORECAST","TOT","AGRWTH","Q","2022-Q2",8.25527424505401,
"DEU","CPIFORECAST","TOT","AGRWTH","Q","2022-Q3",9.45453440558257,
"DEU","CPIFORECAST","TOT","AGRWTH","Q","2022-Q4",10.0917323689847,
"DEU","CPIFORECAST","TOT","AGRWTH","Q","2023-Q1",9.3319980864356,
"DEU","CPIFORECAST","TOT","AGRWTH","Q","2023-Q2",8.76126036374926,
"DEU","CPIFORECAST","TOT","AGRWTH","Q","2023-Q3",7.73013463454827,
"DEU","CPIFORECAST","TOT","AGRWTH","Q","2023-Q4",6.28713462645354,
"DEU","CPIFORECAST","TOT","AGRWTH","Q","2024-Q1",4.83493519704171,
"DEU","CPIFORECAST","TOT","AGRWTH","Q","2024-Q2",3.58102750423019,
"DEU","CPIFORECAST","TOT","AGRWTH","Q","2024-Q3",2.74798517105245,
"DEU","CPIFORECAST","TOT","AGRWTH","Q","2024-Q4",2.26175282737925,
"GRC","CPIFORECAST","TOT","AGRWTH","Q","2019-Q4",0.328221392833117,
"GRC","CPIFORECAST","TOT","AGRWTH","Q","2020-Q1",0.476057139881818,
"GRC","CPIFORECAST","TOT","AGRWTH","Q","2020-Q2",-1.18274376155637,
"GRC","CPIFORECAST","TOT","AGRWTH","Q","2020-Q3",-2.09133062330044,
"GRC","CPIFORECAST","TOT","AGRWTH","Q","2020-Q4",-2.24173413671556,
"GRC","CPIFORECAST","TOT","AGRWTH","Q","2021-Q1",-2.15189072090271,
"GRC","CPIFORECAST","TOT","AGRWTH","Q","2021-Q2",-0.562258247700627,
"GRC","CPIFORECAST","TOT","AGRWTH","Q","2021-Q3",1.36220825788584,
"GRC","CPIFORECAST","TOT","AGRWTH","Q","2021-Q4",3.719013327944,
"GRC","CPIFORECAST","TOT","AGRWTH","Q","2022-Q1",6.55831674170348,
"GRC","CPIFORECAST","TOT","AGRWTH","Q","2022-Q2",10.4316616754504,
"GRC","CPIFORECAST","TOT","AGRWTH","Q","2022-Q3",11.5809214572733,
"GRC","CPIFORECAST","TOT","AGRWTH","Q","2022-Q4",9.99999999999995,
"GRC","CPIFORECAST","TOT","AGRWTH","Q","2023-Q1",7.64888346267892,
"GRC","CPIFORECAST","TOT","AGRWTH","Q","2023-Q2",4.18733984001926,
"GRC","CPIFORECAST","TOT","AGRWTH","Q","2023-Q3",2.82265631984303,
"GRC","CPIFORECAST","TOT","AGRWTH","Q","2023-Q4",2.72711899439997,
"GRC","CPIFORECAST","TOT","AGRWTH","Q","2024-Q1",2.62500456199982,
"GRC","CPIFORECAST","TOT","AGRWTH","Q","2024-Q2",2.52299163499992,
"GRC","CPIFORECAST","TOT","AGRWTH","Q","2024-Q3",2.11655757499993,
"GRC","CPIFORECAST","TOT","AGRWTH","Q","2024-Q4",2.01505006249995,
"IRL","CPIFORECAST","TOT","AGRWTH","Q","2019-Q4",0.839855381221963,
"IRL","CPIFORECAST","TOT","AGRWTH","Q","2020-Q1",0.767328292439816,
"IRL","CPIFORECAST","TOT","AGRWTH","Q","2020-Q2",-0.5747047605369,
"IRL","CPIFORECAST","TOT","AGRWTH","Q","2020-Q3",-0.877524531127868,
"IRL","CPIFORECAST","TOT","AGRWTH","Q","2020-Q4",-1.14206414824252,
"IRL","CPIFORECAST","TOT","AGRWTH","Q","2021-Q1",-0.178343417570478,
"IRL","CPIFORECAST","TOT","AGRWTH","Q","2021-Q2",1.50009794854816,
"IRL","CPIFORECAST","TOT","AGRWTH","Q","2021-Q3",3.0165482169117,
"IRL","CPIFORECAST","TOT","AGRWTH","Q","2021-Q4",5.37588126626357,
"IRL","CPIFORECAST","TOT","AGRWTH","Q","2022-Q1",5.87902633293674,
"IRL","CPIFORECAST","TOT","AGRWTH","Q","2022-Q2",8.38257972735255,
"IRL","CPIFORECAST","TOT","AGRWTH","Q","2022-Q3",9.09345927189456,
"IRL","CPIFORECAST","TOT","AGRWTH","Q","2022-Q4",10.232199854499,
"IRL","CPIFORECAST","TOT","AGRWTH","Q","2023-Q1",10.2536783055692,
"IRL","CPIFORECAST","TOT","AGRWTH","Q","2023-Q2",8.01076998621514,
"IRL","CPIFORECAST","TOT","AGRWTH","Q","2023-Q3",6.80533787802658,
"IRL","CPIFORECAST","TOT","AGRWTH","Q","2023-Q4",4.05664657324467,
"IRL","CPIFORECAST","TOT","AGRWTH","Q","2024-Q1",3.38439474671883,
"IRL","CPIFORECAST","TOT","AGRWTH","Q","2024-Q2",2.87482099856026,
"IRL","CPIFORECAST","TOT","AGRWTH","Q","2024-Q3",2.74998783454915,
"IRL","CPIFORECAST","TOT","AGRWTH","Q","2024-Q4",2.7249908766518,
"ITA","CPIFORECAST","TOT","AGRWTH","Q","2019-Q4",0.321309116878507,
"ITA","CPIFORECAST","TOT","AGRWTH","Q","2020-Q1",0.164666655893697,
"ITA","CPIFORECAST","TOT","AGRWTH","Q","2020-Q2",-0.187640505964699,
"ITA","CPIFORECAST","TOT","AGRWTH","Q","2020-Q3",-0.218742422825333,
"ITA","CPIFORECAST","TOT","AGRWTH","Q","2020-Q4",-0.338676419522944,
"ITA","CPIFORECAST","TOT","AGRWTH","Q","2021-Q1",0.677294611401963,
"ITA","CPIFORECAST","TOT","AGRWTH","Q","2021-Q2",1.16907233804535,
"ITA","CPIFORECAST","TOT","AGRWTH","Q","2021-Q3",2.15442626884267,
"ITA","CPIFORECAST","TOT","AGRWTH","Q","2021-Q4",3.76543491057994,
"ITA","CPIFORECAST","TOT","AGRWTH","Q","2022-Q1",5.96693540236857,
"ITA","CPIFORECAST","TOT","AGRWTH","Q","2022-Q2",7.3808669211182,
"ITA","CPIFORECAST","TOT","AGRWTH","Q","2022-Q3",8.95672735944257,
"ITA","CPIFORECAST","TOT","AGRWTH","Q","2022-Q4",10.1334182689033,
"ITA","CPIFORECAST","TOT","AGRWTH","Q","2023-Q1",8.57426452575028,
"ITA","CPIFORECAST","TOT","AGRWTH","Q","2023-Q2",7.67823942613344,
"ITA","CPIFORECAST","TOT","AGRWTH","Q","2023-Q3",5.96881402701243,
"ITA","CPIFORECAST","TOT","AGRWTH","Q","2023-Q4",4.05900101239995,
"ITA","CPIFORECAST","TOT","AGRWTH","Q","2024-Q1",3.2897131783999,
"ITA","CPIFORECAST","TOT","AGRWTH","Q","2024-Q2",3.0337921844,
"ITA","CPIFORECAST","TOT","AGRWTH","Q","2024-Q3",2.8294614116,
"ITA","CPIFORECAST","TOT","AGRWTH","Q","2024-Q4",2.67644137973751,
"LUX","CPIFORECAST","TOT","AGRWTH","Q","2019-Q4",1.2682459339568,
"LUX","CPIFORECAST","TOT","AGRWTH","Q","2020-Q1",1.49771915439315,
"LUX","CPIFORECAST","TOT","AGRWTH","Q","2020-Q2",-0.931578661505925,
"LUX","CPIFORECAST","TOT","AGRWTH","Q","2020-Q3",-0.0947575796442039,
"LUX","CPIFORECAST","TOT","AGRWTH","Q","2020-Q4",-0.4413554036622,
"LUX","CPIFORECAST","TOT","AGRWTH","Q","2021-Q1",0.938963300617718,
"LUX","CPIFORECAST","TOT","AGRWTH","Q","2021-Q2",3.56315684969643,
"LUX","CPIFORECAST","TOT","AGRWTH","Q","2021-Q3",3.67160407307393,
"LUX","CPIFORECAST","TOT","AGRWTH","Q","2021-Q4",5.73635937175566,
"LUX","CPIFORECAST","TOT","AGRWTH","Q","2022-Q1",6.74687779643688,
"LUX","CPIFORECAST","TOT","AGRWTH","Q","2022-Q2",9.47191198129904,
"LUX","CPIFORECAST","TOT","AGRWTH","Q","2022-Q3",8.92814790084358,
"LUX","CPIFORECAST","TOT","AGRWTH","Q","2022-Q4",7.62953654616364,
"LUX","CPIFORECAST","TOT","AGRWTH","Q","2023-Q1",5.83317252358797,
"LUX","CPIFORECAST","TOT","AGRWTH","Q","2023-Q2",3.31475121391565,
"LUX","CPIFORECAST","TOT","AGRWTH","Q","2023-Q3",3.36922421510013,
"LUX","CPIFORECAST","TOT","AGRWTH","Q","2023-Q4",3.4143122146706,
"LUX","CPIFORECAST","TOT","AGRWTH","Q","2024-Q1",3.46450117009615,
"LUX","CPIFORECAST","TOT","AGRWTH","Q","2024-Q2",3.2249451506454,
"LUX","CPIFORECAST","TOT","AGRWTH","Q","2024-Q3",3.1124191532507,
"LUX","CPIFORECAST","TOT","AGRWTH","Q","2024-Q4",3.02244749626756,
"NLD","CPIFORECAST","TOT","AGRWTH","Q","2019-Q4",2.68061525547896,
"NLD","CPIFORECAST","TOT","AGRWTH","Q","2020-Q1",1.35827284901863,
"NLD","CPIFORECAST","TOT","AGRWTH","Q","2020-Q2",1.20952147081459,
"NLD","CPIFORECAST","TOT","AGRWTH","Q","2020-Q3",0.990619526092684,
"NLD","CPIFORECAST","TOT","AGRWTH","Q","2020-Q4",0.895559119871679,
"NLD","CPIFORECAST","TOT","AGRWTH","Q","2021-Q1",1.75528281602969,
"NLD","CPIFORECAST","TOT","AGRWTH","Q","2021-Q2",1.79958261969395,
"NLD","CPIFORECAST","TOT","AGRWTH","Q","2021-Q3",2.40144060736237,
"NLD","CPIFORECAST","TOT","AGRWTH","Q","2021-Q4",5.33025594930975,
"NLD","CPIFORECAST","TOT","AGRWTH","Q","2022-Q1",8.83329516295588,
"NLD","CPIFORECAST","TOT","AGRWTH","Q","2022-Q2",10.4413876973875,
"NLD","CPIFORECAST","TOT","AGRWTH","Q","2022-Q3",14.1397789275851,
"NLD","CPIFORECAST","TOT","AGRWTH","Q","2022-Q4",15.3653382304256,
"NLD","CPIFORECAST","TOT","AGRWTH","Q","2023-Q1",12.2457987550691,
"NLD","CPIFORECAST","TOT","AGRWTH","Q","2023-Q2",11.1337025825874,
"NLD","CPIFORECAST","TOT","AGRWTH","Q","2023-Q3",7.41040611589998,
"NLD","CPIFORECAST","TOT","AGRWTH","Q","2023-Q4",3.90565198159997,
"NLD","CPIFORECAST","TOT","AGRWTH","Q","2024-Q1",4.36814004680005,
"NLD","CPIFORECAST","TOT","AGRWTH","Q","2024-Q2",4.26485638519997,
"NLD","CPIFORECAST","TOT","AGRWTH","Q","2024-Q3",4.07885366816007,
"NLD","CPIFORECAST","TOT","AGRWTH","Q","2024-Q4",3.92397442163003,
"PRT","CPIFORECAST","TOT","AGRWTH","Q","2019-Q4",0.202864117240647,
"PRT","CPIFORECAST","TOT","AGRWTH","Q","2020-Q1",0.441695155979459,
"PRT","CPIFORECAST","TOT","AGRWTH","Q","2020-Q2",-0.234116663049978,
"PRT","CPIFORECAST","TOT","AGRWTH","Q","2020-Q3",-0.326905964495352,
"PRT","CPIFORECAST","TOT","AGRWTH","Q","2020-Q4",-0.364342951129019,
"PRT","CPIFORECAST","TOT","AGRWTH","Q","2021-Q1",0.146490881647524,
"PRT","CPIFORECAST","TOT","AGRWTH","Q","2021-Q2",-0.0947433601604571,
"PRT","CPIFORECAST","TOT","AGRWTH","Q","2021-Q3",1.26858285839709,
"PRT","CPIFORECAST","TOT","AGRWTH","Q","2021-Q4",2.44918503507454,
"PRT","CPIFORECAST","TOT","AGRWTH","Q","2022-Q1",4.39387496141027,
"PRT","CPIFORECAST","TOT","AGRWTH","Q","2022-Q2",8.15183573224643,
"PRT","CPIFORECAST","TOT","AGRWTH","Q","2022-Q3",9.55244129781912,
"PRT","CPIFORECAST","TOT","AGRWTH","Q","2022-Q4",10.9593483887762,
"PRT","CPIFORECAST","TOT","AGRWTH","Q","2023-Q1",9.8570648148111,
"PRT","CPIFORECAST","TOT","AGRWTH","Q","2023-Q2",7.54974029037955,
"PRT","CPIFORECAST","TOT","AGRWTH","Q","2023-Q3",5.60758464291067,
"PRT","CPIFORECAST","TOT","AGRWTH","Q","2023-Q4",3.5725056326122,
"PRT","CPIFORECAST","TOT","AGRWTH","Q","2024-Q1",2.68712558211405,
"PRT","CPIFORECAST","TOT","AGRWTH","Q","2024-Q2",2.47258789024399,
"PRT","CPIFORECAST","TOT","AGRWTH","Q","2024-Q3",2.35041490915279,
"PRT","CPIFORECAST","TOT","AGRWTH","Q","2024-Q4",2.22835120621996,
"SVK","CPIFORECAST","TOT","AGRWTH","Q","2019-Q4",3.12434411518668,
"SVK","CPIFORECAST","TOT","AGRWTH","Q","2020-Q1",2.9339290127901,
"SVK","CPIFORECAST","TOT","AGRWTH","Q","2020-Q2",1.9921810493043,
"SVK","CPIFORECAST","TOT","AGRWTH","Q","2020-Q3",1.53353622034656,
"SVK","CPIFORECAST","TOT","AGRWTH","Q","2020-Q4",1.61464916231389,
"SVK","CPIFORECAST","TOT","AGRWTH","Q","2021-Q1",1.05854928744004,
"SVK","CPIFORECAST","TOT","AGRWTH","Q","2021-Q2",2.03474259517379,
"SVK","CPIFORECAST","TOT","AGRWTH","Q","2021-Q3",3.40098168857254,
"SVK","CPIFORECAST","TOT","AGRWTH","Q","2021-Q4",4.76434047869724,
"SVK","CPIFORECAST","TOT","AGRWTH","Q","2022-Q1",8.53943142217025,
"SVK","CPIFORECAST","TOT","AGRWTH","Q","2022-Q2",11.706106117346,
"SVK","CPIFORECAST","TOT","AGRWTH","Q","2022-Q3",13.2790235587764,
"SVK","CPIFORECAST","TOT","AGRWTH","Q","2022-Q4",14.489295775619,
"SVK","CPIFORECAST","TOT","AGRWTH","Q","2023-Q1",18.5932056232635,
"SVK","CPIFORECAST","TOT","AGRWTH","Q","2023-Q2",16.2236866598872,
"SVK","CPIFORECAST","TOT","AGRWTH","Q","2023-Q3",14.5047634890337,
"SVK","CPIFORECAST","TOT","AGRWTH","Q","2023-Q4",12.8275545681841,
"SVK","CPIFORECAST","TOT","AGRWTH","Q","2024-Q1",6.34728537719395,
"SVK","CPIFORECAST","TOT","AGRWTH","Q","2024-Q2",5.48632507154183,
"SVK","CPIFORECAST","TOT","AGRWTH","Q","2024-Q3",4.72117064472019,
"SVK","CPIFORECAST","TOT","AGRWTH","Q","2024-Q4",3.90468091160517,
"ESP","CPIFORECAST","TOT","AGRWTH","Q","2019-Q4",0.555434734457163,
"ESP","CPIFORECAST","TOT","AGRWTH","Q","2020-Q1",0.59869682281196,
"ESP","CPIFORECAST","TOT","AGRWTH","Q","2020-Q2",-0.635514160237934,
"ESP","CPIFORECAST","TOT","AGRWTH","Q","2020-Q3",-0.596958280614947,
"ESP","CPIFORECAST","TOT","AGRWTH","Q","2020-Q4",-0.708025478219389,
"ESP","CPIFORECAST","TOT","AGRWTH","Q","2021-Q1",0.430636224599084,
"ESP","CPIFORECAST","TOT","AGRWTH","Q","2021-Q2",2.26387897751041,
"ESP","CPIFORECAST","TOT","AGRWTH","Q","2021-Q3",3.4857929633574,
"ESP","CPIFORECAST","TOT","AGRWTH","Q","2021-Q4",5.86187900656767,
"ESP","CPIFORECAST","TOT","AGRWTH","Q","2022-Q1",7.8078202731264,
"ESP","CPIFORECAST","TOT","AGRWTH","Q","2022-Q2",8.93379429881962,
"ESP","CPIFORECAST","TOT","AGRWTH","Q","2022-Q3",10.0891447303546,
"ESP","CPIFORECAST","TOT","AGRWTH","Q","2022-Q4",7.57495395610234,
"ESP","CPIFORECAST","TOT","AGRWTH","Q","2023-Q1",6.00948059190395,
"ESP","CPIFORECAST","TOT","AGRWTH","Q","2023-Q2",4.84891757674079,
"ESP","CPIFORECAST","TOT","AGRWTH","Q","2023-Q3",3.6433728,
"ESP","CPIFORECAST","TOT","AGRWTH","Q","2023-Q4",4.67981007615078,
"ESP","CPIFORECAST","TOT","AGRWTH","Q","2024-Q1",5.09356438016056,
"ESP","CPIFORECAST","TOT","AGRWTH","Q","2024-Q2",4.67817480146986,
"ESP","CPIFORECAST","TOT","AGRWTH","Q","2024-Q3",4.88504866483697,
"ESP","CPIFORECAST","TOT","AGRWTH","Q","2024-Q4",4.46965879246754,
"GBR","CPIFORECAST","TOT","AGRWTH","Q","2019-Q4",1.40909525070896,
"GBR","CPIFORECAST","TOT","AGRWTH","Q","2020-Q1",1.66347409385661,
"GBR","CPIFORECAST","TOT","AGRWTH","Q","2020-Q2",0.657562247061569,
"GBR","CPIFORECAST","TOT","AGRWTH","Q","2020-Q3",0.622831878499129,
"GBR","CPIFORECAST","TOT","AGRWTH","Q","2020-Q4",0.588918830569769,
"GBR","CPIFORECAST","TOT","AGRWTH","Q","2021-Q1",0.645689152654398,
"GBR","CPIFORECAST","TOT","AGRWTH","Q","2021-Q2",2.01900369283636,
"GBR","CPIFORECAST","TOT","AGRWTH","Q","2021-Q3",2.75791388000028,
"GBR","CPIFORECAST","TOT","AGRWTH","Q","2021-Q4",4.90167385002244,
"GBR","CPIFORECAST","TOT","AGRWTH","Q","2022-Q1",6.19419034611841,
"GBR","CPIFORECAST","TOT","AGRWTH","Q","2022-Q2",9.14602360753997,
"GBR","CPIFORECAST","TOT","AGRWTH","Q","2022-Q3",10.0134319063345,
"GBR","CPIFORECAST","TOT","AGRWTH","Q","2022-Q4",10.0616751026498,
"GBR","CPIFORECAST","TOT","AGRWTH","Q","2023-Q1",9.58070114243787,
"GBR","CPIFORECAST","TOT","AGRWTH","Q","2023-Q2",6.77700966422888,
"GBR","CPIFORECAST","TOT","AGRWTH","Q","2023-Q3",5.8388794458487,
"GBR","CPIFORECAST","TOT","AGRWTH","Q","2023-Q4",4.47654342001636,
"GBR","CPIFORECAST","TOT","AGRWTH","Q","2024-Q1",3.92552099327911,
"GBR","CPIFORECAST","TOT","AGRWTH","Q","2024-Q2",3.50470536827558,
"GBR","CPIFORECAST","TOT","AGRWTH","Q","2024-Q3",3.08104286087736,
"GBR","CPIFORECAST","TOT","AGRWTH","Q","2024-Q4",2.74383316410577,
"EST","CPIFORECAST","TOT","AGRWTH","Q","2019-Q4",1.64885864993283,
"EST","CPIFORECAST","TOT","AGRWTH","Q","2020-Q1",1.51220267706282,
"EST","CPIFORECAST","TOT","AGRWTH","Q","2020-Q2",-1.38527019012473,
"EST","CPIFORECAST","TOT","AGRWTH","Q","2020-Q3",-1.32125650906433,
"EST","CPIFORECAST","TOT","AGRWTH","Q","2020-Q4",-1.30098485413794,
"EST","CPIFORECAST","TOT","AGRWTH","Q","2021-Q1",0.552370494595787,
"EST","CPIFORECAST","TOT","AGRWTH","Q","2021-Q2",2.88358727501375,
"EST","CPIFORECAST","TOT","AGRWTH","Q","2021-Q3",5.41175952917147,
"EST","CPIFORECAST","TOT","AGRWTH","Q","2021-Q4",9.1234107450455,
"EST","CPIFORECAST","TOT","AGRWTH","Q","2022-Q1",12.4630420215717,
"EST","CPIFORECAST","TOT","AGRWTH","Q","2022-Q2",20.4670544494219,
"EST","CPIFORECAST","TOT","AGRWTH","Q","2022-Q3",24.1317516108895,
"EST","CPIFORECAST","TOT","AGRWTH","Q","2022-Q4",23.1575087388112,
"EST","CPIFORECAST","TOT","AGRWTH","Q","2023-Q1",20.4268278627667,
"EST","CPIFORECAST","TOT","AGRWTH","Q","2023-Q2",12.129959774027,
"EST","CPIFORECAST","TOT","AGRWTH","Q","2023-Q3",7.17170599999996,
"EST","CPIFORECAST","TOT","AGRWTH","Q","2023-Q4",5.09070199999988,
"EST","CPIFORECAST","TOT","AGRWTH","Q","2024-Q1",3.54525049999997,
"EST","CPIFORECAST","TOT","AGRWTH","Q","2024-Q2",3.03265024999994,
"EST","CPIFORECAST","TOT","AGRWTH","Q","2024-Q3",2.52258762499997,
"EST","CPIFORECAST","TOT","AGRWTH","Q","2024-Q4",2.01505006250001,
"LVA","CPIFORECAST","TOT","AGRWTH","Q","2019-Q4",2.14905110426226,
"LVA","CPIFORECAST","TOT","AGRWTH","Q","2020-Q1",1.95331532204851,
"LVA","CPIFORECAST","TOT","AGRWTH","Q","2020-Q2",-0.68856623203135,
"LVA","CPIFORECAST","TOT","AGRWTH","Q","2020-Q3",-0.346694375651489,
"LVA","CPIFORECAST","TOT","AGRWTH","Q","2020-Q4",-0.569309731383519,
"LVA","CPIFORECAST","TOT","AGRWTH","Q","2021-Q1",-0.104131954071213,
"LVA","CPIFORECAST","TOT","AGRWTH","Q","2021-Q2",2.32323905175617,
"LVA","CPIFORECAST","TOT","AGRWTH","Q","2021-Q3",3.63690537694946,
"LVA","CPIFORECAST","TOT","AGRWTH","Q","2021-Q4",7.12262676836697,
"LVA","CPIFORECAST","TOT","AGRWTH","Q","2022-Q1",9.24092301902175,
"LVA","CPIFORECAST","TOT","AGRWTH","Q","2022-Q2",16.3749338686629,
"LVA","CPIFORECAST","TOT","AGRWTH","Q","2022-Q3",21.5633633898053,
"LVA","CPIFORECAST","TOT","AGRWTH","Q","2022-Q4",20.4210253024636,
"LVA","CPIFORECAST","TOT","AGRWTH","Q","2023-Q1",19.0562010255011,
"LVA","CPIFORECAST","TOT","AGRWTH","Q","2023-Q2",12.3423933662711,
"LVA","CPIFORECAST","TOT","AGRWTH","Q","2023-Q3",6.94027529983991,
"LVA","CPIFORECAST","TOT","AGRWTH","Q","2023-Q4",5.73928587996874,
"LVA","CPIFORECAST","TOT","AGRWTH","Q","2024-Q1",5.53103519384376,
"LVA","CPIFORECAST","TOT","AGRWTH","Q","2024-Q2",5.19822814484376,
"LVA","CPIFORECAST","TOT","AGRWTH","Q","2024-Q3",4.834938753125,
"LVA","CPIFORECAST","TOT","AGRWTH","Q","2024-Q4",4.47254637225001,
"LTU","CPIFORECAST","TOT","AGRWTH","Q","2019-Q4",2.04709972896142,
"LTU","CPIFORECAST","TOT","AGRWTH","Q","2020-Q1",2.4450262582681,
"LTU","CPIFORECAST","TOT","AGRWTH","Q","2020-Q2",0.643338701805923,
"LTU","CPIFORECAST","TOT","AGRWTH","Q","2020-Q3",0.886318263573726,
"LTU","CPIFORECAST","TOT","AGRWTH","Q","2020-Q4",0.293294761952415,
"LTU","CPIFORECAST","TOT","AGRWTH","Q","2021-Q1",0.731743835950056,
"LTU","CPIFORECAST","TOT","AGRWTH","Q","2021-Q2",3.1430513933399,
"LTU","CPIFORECAST","TOT","AGRWTH","Q","2021-Q3",5.21592291319755,
"LTU","CPIFORECAST","TOT","AGRWTH","Q","2021-Q4",9.41139520619402,
"LTU","CPIFORECAST","TOT","AGRWTH","Q","2022-Q1",13.9253880032596,
"LTU","CPIFORECAST","TOT","AGRWTH","Q","2022-Q2",18.5421883551662,
"LTU","CPIFORECAST","TOT","AGRWTH","Q","2022-Q3",21.4883622315018,
"LTU","CPIFORECAST","TOT","AGRWTH","Q","2022-Q4",21.0970866792382,
"LTU","CPIFORECAST","TOT","AGRWTH","Q","2023-Q1",17.8874021400955,
"LTU","CPIFORECAST","TOT","AGRWTH","Q","2023-Q2",13.8470632308985,
"LTU","CPIFORECAST","TOT","AGRWTH","Q","2023-Q3",9.69959812211444,
"LTU","CPIFORECAST","TOT","AGRWTH","Q","2023-Q4",6.97662969519884,
"LTU","CPIFORECAST","TOT","AGRWTH","Q","2024-Q1",5.36001589205537,
"LTU","CPIFORECAST","TOT","AGRWTH","Q","2024-Q2",4.18193121641089,
"LTU","CPIFORECAST","TOT","AGRWTH","Q","2024-Q3",3.43732003289704,
"LTU","CPIFORECAST","TOT","AGRWTH","Q","2024-Q4",3.18777100151752,
"SVN","CPIFORECAST","TOT","AGRWTH","Q","2019-Q4",1.60440441130642,
"SVN","CPIFORECAST","TOT","AGRWTH","Q","2020-Q1",1.64269952762199,
"SVN","CPIFORECAST","TOT","AGRWTH","Q","2020-Q2",-1.15369691187369,
"SVN","CPIFORECAST","TOT","AGRWTH","Q","2020-Q3",-0.631597727571524,
"SVN","CPIFORECAST","TOT","AGRWTH","Q","2020-Q4",-0.937009521438922,
"SVN","CPIFORECAST","TOT","AGRWTH","Q","2021-Q1",-0.622165301421934,
"SVN","CPIFORECAST","TOT","AGRWTH","Q","2021-Q2",2.07521209505162,
"SVN","CPIFORECAST","TOT","AGRWTH","Q","2021-Q3",2.23692009989624,
"SVN","CPIFORECAST","TOT","AGRWTH","Q","2021-Q4",4.53153754020819,
"SVN","CPIFORECAST","TOT","AGRWTH","Q","2022-Q1",6.33307036537509,
"SVN","CPIFORECAST","TOT","AGRWTH","Q","2022-Q2",8.977722683621,
"SVN","CPIFORECAST","TOT","AGRWTH","Q","2022-Q3",11.2635741407218,
"SVN","CPIFORECAST","TOT","AGRWTH","Q","2022-Q4",10.2881201290156,
"SVN","CPIFORECAST","TOT","AGRWTH","Q","2023-Q1",10.1002587870141,
"SVN","CPIFORECAST","TOT","AGRWTH","Q","2023-Q2",8.24196983342036,
"SVN","CPIFORECAST","TOT","AGRWTH","Q","2023-Q3",5.90807959488434,
"SVN","CPIFORECAST","TOT","AGRWTH","Q","2023-Q4",5.95886267329519,
"SVN","CPIFORECAST","TOT","AGRWTH","Q","2024-Q1",4.79769744941505,
"SVN","CPIFORECAST","TOT","AGRWTH","Q","2024-Q2",4.34994010537526,
"SVN","CPIFORECAST","TOT","AGRWTH","Q","2024-Q3",4.24994004792234,
"SVN","CPIFORECAST","TOT","AGRWTH","Q","2024-Q4",4.14993999035896,
"EA17","CPIFORECAST","TOT","AGRWTH","Q","2019-Q4",1.02285388958958,
"EA17","CPIFORECAST","TOT","AGRWTH","Q","2020-Q1",1.06524270280637,
"EA17","CPIFORECAST","TOT","AGRWTH","Q","2020-Q2",0.196321015529788,
"EA17","CPIFORECAST","TOT","AGRWTH","Q","2020-Q3",0.0134199272101603,
"EA17","CPIFORECAST","TOT","AGRWTH","Q","2020-Q4",-0.243144780370277,
"EA17","CPIFORECAST","TOT","AGRWTH","Q","2021-Q1",0.990835299668106,
"EA17","CPIFORECAST","TOT","AGRWTH","Q","2021-Q2",1.78807174422619,
"EA17","CPIFORECAST","TOT","AGRWTH","Q","2021-Q3",2.81358477488014,
"EA17","CPIFORECAST","TOT","AGRWTH","Q","2021-Q4",4.62251911621208,
"EA17","CPIFORECAST","TOT","AGRWTH","Q","2022-Q1",6.12673304828274,
"EA17","CPIFORECAST","TOT","AGRWTH","Q","2022-Q2",8.04221095900603,
"EA17","CPIFORECAST","TOT","AGRWTH","Q","2022-Q3",9.35181881242678,
"EA17","CPIFORECAST","TOT","AGRWTH","Q","2022-Q4",9.568803030367,
"EA17","CPIFORECAST","TOT","AGRWTH","Q","2023-Q1",8.68578463306967,
"EA17","CPIFORECAST","TOT","AGRWTH","Q","2023-Q2",7.5150966689939,
"EA17","CPIFORECAST","TOT","AGRWTH","Q","2023-Q3",6.11524230077654,
"EA17","CPIFORECAST","TOT","AGRWTH","Q","2023-Q4",4.90270825429892,
"EA17","CPIFORECAST","TOT","AGRWTH","Q","2024-Q1",4.0187069675592,
"EA17","CPIFORECAST","TOT","AGRWTH","Q","2024-Q2",3.47387353927523,
"EA17","CPIFORECAST","TOT","AGRWTH","Q","2024-Q3",3.13100141859124,
"EA17","CPIFORECAST","TOT","AGRWTH","Q","2024-Q4",2.85252339273803,
"AUS","CPIFORECAST","TOT","AGRWTH","Q","2019-Q4",1.84210526315792,
"AUS","CPIFORECAST","TOT","AGRWTH","Q","2020-Q1",2.27870289219979,
"AUS","CPIFORECAST","TOT","AGRWTH","Q","2020-Q2",-0.261096605744132,
"AUS","CPIFORECAST","TOT","AGRWTH","Q","2020-Q3",0.693240901213123,
"AUS","CPIFORECAST","TOT","AGRWTH","Q","2020-Q4",0.947459086993984,
"AUS","CPIFORECAST","TOT","AGRWTH","Q","2021-Q1",0.942587832048,
"AUS","CPIFORECAST","TOT","AGRWTH","Q","2021-Q2",3.57766143106463,
"AUS","CPIFORECAST","TOT","AGRWTH","Q","2021-Q3",3.01204819277118,
"AUS","CPIFORECAST","TOT","AGRWTH","Q","2021-Q4",3.58361774744021,
"AUS","CPIFORECAST","TOT","AGRWTH","Q","2022-Q1",5.17826825127334,
"AUS","CPIFORECAST","TOT","AGRWTH","Q","2022-Q2",6.23420387531587,
"AUS","CPIFORECAST","TOT","AGRWTH","Q","2022-Q3",7.26817042606517,
"AUS","CPIFORECAST","TOT","AGRWTH","Q","2022-Q4",7.21863029795777,
"AUS","CPIFORECAST","TOT","AGRWTH","Q","2023-Q1",6.05677589289933,
"AUS","CPIFORECAST","TOT","AGRWTH","Q","2023-Q2",5.09218904933253,
"AUS","CPIFORECAST","TOT","AGRWTH","Q","2023-Q3",3.93216145211249,
"AUS","CPIFORECAST","TOT","AGRWTH","Q","2023-Q4",3.13926226124061,
"AUS","CPIFORECAST","TOT","AGRWTH","Q","2024-Q1",2.77824934090113,
"AUS","CPIFORECAST","TOT","AGRWTH","Q","2024-Q2",2.52349400254146,
"AUS","CPIFORECAST","TOT","AGRWTH","Q","2024-Q3",2.37078071982868,
"AUS","CPIFORECAST","TOT","AGRWTH","Q","2024-Q4",2.26902085160663,
"CAN","CPIFORECAST","TOT","AGRWTH","Q","2019-Q4",2.06211180124217,
"CAN","CPIFORECAST","TOT","AGRWTH","Q","2020-Q1",1.70707570509654,
"CAN","CPIFORECAST","TOT","AGRWTH","Q","2020-Q2",0.147239263803693,
"CAN","CPIFORECAST","TOT","AGRWTH","Q","2020-Q3",0.366658518699545,
"CAN","CPIFORECAST","TOT","AGRWTH","Q","2020-Q4",0.705939629990285,
"CAN","CPIFORECAST","TOT","AGRWTH","Q","2021-Q1",1.43517392361948,
"CAN","CPIFORECAST","TOT","AGRWTH","Q","2021-Q2",3.33251654006365,
"CAN","CPIFORECAST","TOT","AGRWTH","Q","2021-Q3",4.06721870433514,
"CAN","CPIFORECAST","TOT","AGRWTH","Q","2021-Q4",4.73773265651443,
"CAN","CPIFORECAST","TOT","AGRWTH","Q","2022-Q1",5.77937649880105,
"CAN","CPIFORECAST","TOT","AGRWTH","Q","2022-Q2",7.44605169551814,
"CAN","CPIFORECAST","TOT","AGRWTH","Q","2022-Q3",7.29817216162895,
"CAN","CPIFORECAST","TOT","AGRWTH","Q","2022-Q4",6.7897005050385,
"CAN","CPIFORECAST","TOT","AGRWTH","Q","2023-Q1",5.89108032766404,
"CAN","CPIFORECAST","TOT","AGRWTH","Q","2023-Q2",3.92394194102967,
"CAN","CPIFORECAST","TOT","AGRWTH","Q","2023-Q3",3.41204964221133,
"CAN","CPIFORECAST","TOT","AGRWTH","Q","2023-Q4",3.09069478458572,
"CAN","CPIFORECAST","TOT","AGRWTH","Q","2024-Q1",2.70924524397905,
"CAN","CPIFORECAST","TOT","AGRWTH","Q","2024-Q2",2.43188899901843,
"CAN","CPIFORECAST","TOT","AGRWTH","Q","2024-Q3",2.25886615631546,
"CAN","CPIFORECAST","TOT","AGRWTH","Q","2024-Q4",2.14706044608918,
"CZE","CPIFORECAST","TOT","AGRWTH","Q","2019-Q4",3.11273817457791,
"CZE","CPIFORECAST","TOT","AGRWTH","Q","2020-Q1",3.54997062324982,
"CZE","CPIFORECAST","TOT","AGRWTH","Q","2020-Q2",3.11279138461844,
"CZE","CPIFORECAST","TOT","AGRWTH","Q","2020-Q3",3.27896354583918,
"CZE","CPIFORECAST","TOT","AGRWTH","Q","2020-Q4",2.71328628371966,
"CZE","CPIFORECAST","TOT","AGRWTH","Q","2021-Q1",2.15355301562413,
"CZE","CPIFORECAST","TOT","AGRWTH","Q","2021-Q2",2.8710050368008,
"CZE","CPIFORECAST","TOT","AGRWTH","Q","2021-Q3",4.11708705858956,
"CZE","CPIFORECAST","TOT","AGRWTH","Q","2021-Q4",6.17942966107072,
"CZE","CPIFORECAST","TOT","AGRWTH","Q","2022-Q1",11.2202206535971,
"CZE","CPIFORECAST","TOT","AGRWTH","Q","2022-Q2",15.7522066775432,
"CZE","CPIFORECAST","TOT","AGRWTH","Q","2022-Q3",17.5949230535724,
"CZE","CPIFORECAST","TOT","AGRWTH","Q","2022-Q4",15.9933019800713,
"CZE","CPIFORECAST","TOT","AGRWTH","Q","2023-Q1",13.521520575823,
"CZE","CPIFORECAST","TOT","AGRWTH","Q","2023-Q2",10.2064411116006,
"CZE","CPIFORECAST","TOT","AGRWTH","Q","2023-Q3",7.91343989999999,
"CZE","CPIFORECAST","TOT","AGRWTH","Q","2023-Q4",8.1805523750001,
"CZE","CPIFORECAST","TOT","AGRWTH","Q","2024-Q1",5.86989979999996,
"CZE","CPIFORECAST","TOT","AGRWTH","Q","2024-Q2",4.41962719999997,
"CZE","CPIFORECAST","TOT","AGRWTH","Q","2024-Q3",3.49373887999977,
"CZE","CPIFORECAST","TOT","AGRWTH","Q","2024-Q4",2.82933463039982,
"DNK","CPIFORECAST","TOT","AGRWTH","Q","2019-Q4",0.693278477744675,
"DNK","CPIFORECAST","TOT","AGRWTH","Q","2020-Q1",0.605894804992646,
"DNK","CPIFORECAST","TOT","AGRWTH","Q","2020-Q2",0.0896687975608171,
"DNK","CPIFORECAST","TOT","AGRWTH","Q","2020-Q3",0.531918091420531,
"DNK","CPIFORECAST","TOT","AGRWTH","Q","2020-Q4",0.455276287245996,
"DNK","CPIFORECAST","TOT","AGRWTH","Q","2021-Q1",0.705915667627882,
"DNK","CPIFORECAST","TOT","AGRWTH","Q","2021-Q2",1.63077665704322,
"DNK","CPIFORECAST","TOT","AGRWTH","Q","2021-Q3",1.91502920006474,
"DNK","CPIFORECAST","TOT","AGRWTH","Q","2021-Q4",3.15511420028275,
"DNK","CPIFORECAST","TOT","AGRWTH","Q","2022-Q1",4.82688729779451,
"DNK","CPIFORECAST","TOT","AGRWTH","Q","2022-Q2",7.4361213553363,
"DNK","CPIFORECAST","TOT","AGRWTH","Q","2022-Q3",9.22302110590145,
"DNK","CPIFORECAST","TOT","AGRWTH","Q","2022-Q4",9.71458260081956,
"DNK","CPIFORECAST","TOT","AGRWTH","Q","2023-Q1",8.53223750806258,
"DNK","CPIFORECAST","TOT","AGRWTH","Q","2023-Q2",6.01744018315692,
"DNK","CPIFORECAST","TOT","AGRWTH","Q","2023-Q3",4.46834262600001,
"DNK","CPIFORECAST","TOT","AGRWTH","Q","2023-Q4",3.26748703010559,
"DNK","CPIFORECAST","TOT","AGRWTH","Q","2024-Q1",3.03209037978914,
"DNK","CPIFORECAST","TOT","AGRWTH","Q","2024-Q2",3.08329917222444,
"DNK","CPIFORECAST","TOT","AGRWTH","Q","2024-Q3",2.67504848243331,
"DNK","CPIFORECAST","TOT","AGRWTH","Q","2024-Q4",2.54389493677987,
"HUN","CPIFORECAST","TOT","AGRWTH","Q","2019-Q4",3.48702709700909,
"HUN","CPIFORECAST","TOT","AGRWTH","Q","2020-Q1",4.26608735864819,
"HUN","CPIFORECAST","TOT","AGRWTH","Q","2020-Q2",2.580168098813,
"HUN","CPIFORECAST","TOT","AGRWTH","Q","2020-Q3",3.57800560707402,
"HUN","CPIFORECAST","TOT","AGRWTH","Q","2020-Q4",2.90229773047893,
"HUN","CPIFORECAST","TOT","AGRWTH","Q","2021-Q1",3.15870371122099,
"HUN","CPIFORECAST","TOT","AGRWTH","Q","2021-Q2",5.21424617582697,
"HUN","CPIFORECAST","TOT","AGRWTH","Q","2021-Q3",4.93403705331435,
"HUN","CPIFORECAST","TOT","AGRWTH","Q","2021-Q4",7.10501062309703,
"HUN","CPIFORECAST","TOT","AGRWTH","Q","2022-Q1",8.25274913341281,
"HUN","CPIFORECAST","TOT","AGRWTH","Q","2022-Q2",10.6285801716969,
"HUN","CPIFORECAST","TOT","AGRWTH","Q","2022-Q3",16.393542723855,
"HUN","CPIFORECAST","TOT","AGRWTH","Q","2022-Q4",18.4727731173039,
"HUN","CPIFORECAST","TOT","AGRWTH","Q","2023-Q1",18.0861524456355,
"HUN","CPIFORECAST","TOT","AGRWTH","Q","2023-Q2",15.6506890204621,
"HUN","CPIFORECAST","TOT","AGRWTH","Q","2023-Q3",10.6484279772551,
"HUN","CPIFORECAST","TOT","AGRWTH","Q","2023-Q4",7.36719883235096,
"HUN","CPIFORECAST","TOT","AGRWTH","Q","2024-Q1",6.36832563251687,
"HUN","CPIFORECAST","TOT","AGRWTH","Q","2024-Q2",5.49586968400555,
"HUN","CPIFORECAST","TOT","AGRWTH","Q","2024-Q3",4.74850832900632,
"HUN","CPIFORECAST","TOT","AGRWTH","Q","2024-Q4",4.37417771509789,
"ISL","CPIFORECAST","TOT","AGRWTH","Q","2019-Q4",2.49236361846282,
"ISL","CPIFORECAST","TOT","AGRWTH","Q","2020-Q1",2.09792043850002,
"ISL","CPIFORECAST","TOT","AGRWTH","Q","2020-Q2",2.49532651619408,
"ISL","CPIFORECAST","TOT","AGRWTH","Q","2020-Q3",3.22402451823891,
"ISL","CPIFORECAST","TOT","AGRWTH","Q","2020-Q4",3.5606725790957,
"ISL","CPIFORECAST","TOT","AGRWTH","Q","2021-Q1",4.2420787644463,
"ISL","CPIFORECAST","TOT","AGRWTH","Q","2021-Q2",4.41060365511864,
"ISL","CPIFORECAST","TOT","AGRWTH","Q","2021-Q3",4.27391259430502,
"ISL","CPIFORECAST","TOT","AGRWTH","Q","2021-Q4",4.84200128314134,
"ISL","CPIFORECAST","TOT","AGRWTH","Q","2022-Q1",6.19336727087978,
"ISL","CPIFORECAST","TOT","AGRWTH","Q","2022-Q2",7.87740698836605,
"ISL","CPIFORECAST","TOT","AGRWTH","Q","2022-Q3",9.6513855766963,
"ISL","CPIFORECAST","TOT","AGRWTH","Q","2022-Q4",9.58615640871831,
"ISL","CPIFORECAST","TOT","AGRWTH","Q","2023-Q1",8.09181891741874,
"ISL","CPIFORECAST","TOT","AGRWTH","Q","2023-Q2",6.21995624916257,
"ISL","CPIFORECAST","TOT","AGRWTH","Q","2023-Q3",4.21455869815921,
"ISL","CPIFORECAST","TOT","AGRWTH","Q","2023-Q4",3.46668507271819,
"ISL","CPIFORECAST","TOT","AGRWTH","Q","2024-Q1",3.14654955768185,
"ISL","CPIFORECAST","TOT","AGRWTH","Q","2024-Q2",2.93241019664566,
"ISL","CPIFORECAST","TOT","AGRWTH","Q","2024-Q3",2.82959238028679,
"ISL","CPIFORECAST","TOT","AGRWTH","Q","2024-Q4",2.72742667310577,
"JPN","CPIFORECAST","TOT","AGRWTH","Q","2019-Q4",0.567802271209177,
"JPN","CPIFORECAST","TOT","AGRWTH","Q","2020-Q1",0.634814567323739,
"JPN","CPIFORECAST","TOT","AGRWTH","Q","2020-Q2",0.166777851901305,
"JPN","CPIFORECAST","TOT","AGRWTH","Q","2020-Q3",0.0333444481494167,
"JPN","CPIFORECAST","TOT","AGRWTH","Q","2020-Q4",-0.830288940551388,
"JPN","CPIFORECAST","TOT","AGRWTH","Q","2021-Q1",-0.498007968127492,
"JPN","CPIFORECAST","TOT","AGRWTH","Q","2021-Q2",-0.76590076590084,
"JPN","CPIFORECAST","TOT","AGRWTH","Q","2021-Q3",-0.23333333333335,
"JPN","CPIFORECAST","TOT","AGRWTH","Q","2021-Q4",0.502344273275287,
"JPN","CPIFORECAST","TOT","AGRWTH","Q","2022-Q1",0.867534200867557,
"JPN","CPIFORECAST","TOT","AGRWTH","Q","2022-Q2",2.44966442953023,
"JPN","CPIFORECAST","TOT","AGRWTH","Q","2022-Q3",2.83995990644836,
"JPN","CPIFORECAST","TOT","AGRWTH","Q","2022-Q4",3.18120626457852,
"JPN","CPIFORECAST","TOT","AGRWTH","Q","2023-Q1",2.76319950380414,
"JPN","CPIFORECAST","TOT","AGRWTH","Q","2023-Q2",2.10954409837859,
"JPN","CPIFORECAST","TOT","AGRWTH","Q","2023-Q3",1.63467500513749,
"JPN","CPIFORECAST","TOT","AGRWTH","Q","2023-Q4",1.39220659558243,
"JPN","CPIFORECAST","TOT","AGRWTH","Q","2024-Q1",1.47811078258099,
"JPN","CPIFORECAST","TOT","AGRWTH","Q","2024-Q2",1.5893473763636,
"JPN","CPIFORECAST","TOT","AGRWTH","Q","2024-Q3",1.74119991354797,
"JPN","CPIFORECAST","TOT","AGRWTH","Q","2024-Q4",1.88312665715003,
"KOR","CPIFORECAST","TOT","AGRWTH","Q","2019-Q4",0.275923452523847,
"KOR","CPIFORECAST","TOT","AGRWTH","Q","2020-Q1",0.990337157057274,
"KOR","CPIFORECAST","TOT","AGRWTH","Q","2020-Q2",-0.0185840893258449,
"KOR","CPIFORECAST","TOT","AGRWTH","Q","2020-Q3",0.747980485954148,
"KOR","CPIFORECAST","TOT","AGRWTH","Q","2020-Q4",0.432772857573758,
"KOR","CPIFORECAST","TOT","AGRWTH","Q","2021-Q1",1.44675444355432,
"KOR","CPIFORECAST","TOT","AGRWTH","Q","2021-Q2",2.45052585449828,
"KOR","CPIFORECAST","TOT","AGRWTH","Q","2021-Q3",2.55597960442482,
"KOR","CPIFORECAST","TOT","AGRWTH","Q","2021-Q4",3.53531140334921,
"KOR","CPIFORECAST","TOT","AGRWTH","Q","2022-Q1",3.80562509892316,
"KOR","CPIFORECAST","TOT","AGRWTH","Q","2022-Q2",5.40318302889257,
"KOR","CPIFORECAST","TOT","AGRWTH","Q","2022-Q3",5.87873912680999,
"KOR","CPIFORECAST","TOT","AGRWTH","Q","2022-Q4",5.74230143600572,
"KOR","CPIFORECAST","TOT","AGRWTH","Q","2023-Q1",5.2920816244562,
"KOR","CPIFORECAST","TOT","AGRWTH","Q","2023-Q2",3.89776093167286,
"KOR","CPIFORECAST","TOT","AGRWTH","Q","2023-Q3",3.39220864699989,
"KOR","CPIFORECAST","TOT","AGRWTH","Q","2023-Q4",3.08495096899994,
"KOR","CPIFORECAST","TOT","AGRWTH","Q","2024-Q1",2.778302627,
"KOR","CPIFORECAST","TOT","AGRWTH","Q","2024-Q2",2.47241482156248,
"KOR","CPIFORECAST","TOT","AGRWTH","Q","2024-Q3",2.16728604293747,
"KOR","CPIFORECAST","TOT","AGRWTH","Q","2024-Q4",1.9135173245,
"MEX","CPIFORECAST","TOT","AGRWTH","Q","2019-Q4",2.9502943085939,
"MEX","CPIFORECAST","TOT","AGRWTH","Q","2020-Q1",3.46936372422276,
"MEX","CPIFORECAST","TOT","AGRWTH","Q","2020-Q2",2.72146542438962,
"MEX","CPIFORECAST","TOT","AGRWTH","Q","2020-Q3",3.86232749356798,
"MEX","CPIFORECAST","TOT","AGRWTH","Q","2020-Q4",3.52966777390213,
"MEX","CPIFORECAST","TOT","AGRWTH","Q","2021-Q1",4.03417272607725,
"MEX","CPIFORECAST","TOT","AGRWTH","Q","2021-Q2",5.91172889281633,
"MEX","CPIFORECAST","TOT","AGRWTH","Q","2021-Q3",5.77260900654778,
"MEX","CPIFORECAST","TOT","AGRWTH","Q","2021-Q4",7.00364336638946,
"MEX","CPIFORECAST","TOT","AGRWTH","Q","2022-Q1",7.28987661399209,
"MEX","CPIFORECAST","TOT","AGRWTH","Q","2022-Q2",7.75024566214023,
"MEX","CPIFORECAST","TOT","AGRWTH","Q","2022-Q3",8.51107989137849,
"MEX","CPIFORECAST","TOT","AGRWTH","Q","2022-Q4",8.51141359437646,
"MEX","CPIFORECAST","TOT","AGRWTH","Q","2023-Q1",7.94635212795472,
"MEX","CPIFORECAST","TOT","AGRWTH","Q","2023-Q2",6.36270158735664,
"MEX","CPIFORECAST","TOT","AGRWTH","Q","2023-Q3",4.78112417562499,
"MEX","CPIFORECAST","TOT","AGRWTH","Q","2023-Q4",3.90537240031253,
"MEX","CPIFORECAST","TOT","AGRWTH","Q","2024-Q1",3.44357074519998,
"MEX","CPIFORECAST","TOT","AGRWTH","Q","2024-Q2",3.3410498624,
"MEX","CPIFORECAST","TOT","AGRWTH","Q","2024-Q3",3.21808579711995,
"MEX","CPIFORECAST","TOT","AGRWTH","Q","2024-Q4",3.095268045056,
"NZL","CPIFORECAST","TOT","AGRWTH","Q","2019-Q4",1.82684732369951,
"NZL","CPIFORECAST","TOT","AGRWTH","Q","2020-Q1",2.54270924813552,
"NZL","CPIFORECAST","TOT","AGRWTH","Q","2020-Q2",1.47445922405661,
"NZL","CPIFORECAST","TOT","AGRWTH","Q","2020-Q3",1.42667439109651,
"NZL","CPIFORECAST","TOT","AGRWTH","Q","2020-Q4",1.42416806107783,
"NZL","CPIFORECAST","TOT","AGRWTH","Q","2021-Q1",1.52478516654073,
"NZL","CPIFORECAST","TOT","AGRWTH","Q","2021-Q2",3.35289400316935,
"NZL","CPIFORECAST","TOT","AGRWTH","Q","2021-Q3",4.92826422814019,
"NZL","CPIFORECAST","TOT","AGRWTH","Q","2021-Q4",5.94376916008502,
"NZL","CPIFORECAST","TOT","AGRWTH","Q","2022-Q1",6.92759241804921,
"NZL","CPIFORECAST","TOT","AGRWTH","Q","2022-Q2",7.30795025359044,
"NZL","CPIFORECAST","TOT","AGRWTH","Q","2022-Q3",7.23006184988311,
"NZL","CPIFORECAST","TOT","AGRWTH","Q","2022-Q4",7.55400585149722,
"NZL","CPIFORECAST","TOT","AGRWTH","Q","2023-Q1",6.73661252461425,
"NZL","CPIFORECAST","TOT","AGRWTH","Q","2023-Q2",5.82621243349534,
"NZL","CPIFORECAST","TOT","AGRWTH","Q","2023-Q3",4.80687406156458,
"NZL","CPIFORECAST","TOT","AGRWTH","Q","2023-Q4",3.64810294859616,
"NZL","CPIFORECAST","TOT","AGRWTH","Q","2024-Q1",3.36461481211507,
"NZL","CPIFORECAST","TOT","AGRWTH","Q","2024-Q2",3.21299816229612,
"NZL","CPIFORECAST","TOT","AGRWTH","Q","2024-Q3",3.08504591305388,
"NZL","CPIFORECAST","TOT","AGRWTH","Q","2024-Q4",2.98277926988212,
"NOR","CPIFORECAST","TOT","AGRWTH","Q","2019-Q4",1.55203895313448,
"NOR","CPIFORECAST","TOT","AGRWTH","Q","2020-Q1",1.23904502870961,
"NOR","CPIFORECAST","TOT","AGRWTH","Q","2020-Q2",1.17505272672489,
"NOR","CPIFORECAST","TOT","AGRWTH","Q","2020-Q3",1.50466445982541,
"NOR","CPIFORECAST","TOT","AGRWTH","Q","2020-Q4",1.28858255918485,
"NOR","CPIFORECAST","TOT","AGRWTH","Q","2021-Q1",2.98507462686568,
"NOR","CPIFORECAST","TOT","AGRWTH","Q","2021-Q2",2.79928528886242,
"NOR","CPIFORECAST","TOT","AGRWTH","Q","2021-Q3",3.49836940409138,
"NOR","CPIFORECAST","TOT","AGRWTH","Q","2021-Q4",4.6449704142013,
"NOR","CPIFORECAST","TOT","AGRWTH","Q","2022-Q1",3.79710144927537,
"NOR","CPIFORECAST","TOT","AGRWTH","Q","2022-Q2",5.88064889918891,
"NOR","CPIFORECAST","TOT","AGRWTH","Q","2022-Q3",6.6743053566313,
"NOR","CPIFORECAST","TOT","AGRWTH","Q","2022-Q4",6.49268942733157,
"NOR","CPIFORECAST","TOT","AGRWTH","Q","2023-Q1",6.15929473970784,
"NOR","CPIFORECAST","TOT","AGRWTH","Q","2023-Q2",4.89821133280492,
"NOR","CPIFORECAST","TOT","AGRWTH","Q","2023-Q3",3.78362170552583,
"NOR","CPIFORECAST","TOT","AGRWTH","Q","2023-Q4",3.40974634232006,
"NOR","CPIFORECAST","TOT","AGRWTH","Q","2024-Q1",3.25492220739757,
"NOR","CPIFORECAST","TOT","AGRWTH","Q","2024-Q2",3.17498800992271,
"NOR","CPIFORECAST","TOT","AGRWTH","Q","2024-Q3",3.15499866712493,
"NOR","CPIFORECAST","TOT","AGRWTH","Q","2024-Q4",3.15999806126409,
"POL","CPIFORECAST","TOT","AGRWTH","Q","2019-Q4",2.83025256334168,
"POL","CPIFORECAST","TOT","AGRWTH","Q","2020-Q1",4.54650058289908,
"POL","CPIFORECAST","TOT","AGRWTH","Q","2020-Q2",3.08699346130262,
"POL","CPIFORECAST","TOT","AGRWTH","Q","2020-Q3",3.01393404550944,
"POL","CPIFORECAST","TOT","AGRWTH","Q","2020-Q4",2.87605462832234,
"POL","CPIFORECAST","TOT","AGRWTH","Q","2021-Q1",2.80687763052515,
"POL","CPIFORECAST","TOT","AGRWTH","Q","2021-Q2",4.23343147194366,
"POL","CPIFORECAST","TOT","AGRWTH","Q","2021-Q3",5.3222914329157,
"POL","CPIFORECAST","TOT","AGRWTH","Q","2021-Q4",7.82074426915497,
"POL","CPIFORECAST","TOT","AGRWTH","Q","2022-Q1",9.66725717723102,
"POL","CPIFORECAST","TOT","AGRWTH","Q","2022-Q2",13.8706000731928,
"POL","CPIFORECAST","TOT","AGRWTH","Q","2022-Q3",16.4437670661808,
"POL","CPIFORECAST","TOT","AGRWTH","Q","2022-Q4",16.4724235554367,
"POL","CPIFORECAST","TOT","AGRWTH","Q","2023-Q1",14.8904240131855,
"POL","CPIFORECAST","TOT","AGRWTH","Q","2023-Q2",11.1012399316696,
"POL","CPIFORECAST","TOT","AGRWTH","Q","2023-Q3",8.12908917175002,
"POL","CPIFORECAST","TOT","AGRWTH","Q","2023-Q4",9.38884555044999,
"POL","CPIFORECAST","TOT","AGRWTH","Q","2024-Q1",8.47637726077506,
"POL","CPIFORECAST","TOT","AGRWTH","Q","2024-Q2",7.67601048314997,
"POL","CPIFORECAST","TOT","AGRWTH","Q","2024-Q3",7.09168087519994,
"POL","CPIFORECAST","TOT","AGRWTH","Q","2024-Q4",3.54593904200003,
"SWE","CPIFORECAST","TOT","AGRWTH","Q","2019-Q4",1.71400277259667,
"SWE","CPIFORECAST","TOT","AGRWTH","Q","2020-Q1",1.00771621241685,
"SWE","CPIFORECAST","TOT","AGRWTH","Q","2020-Q2",0.114957779341272,
"SWE","CPIFORECAST","TOT","AGRWTH","Q","2020-Q3",0.562771281665717,
"SWE","CPIFORECAST","TOT","AGRWTH","Q","2020-Q4",0.308935398539751,
"SWE","CPIFORECAST","TOT","AGRWTH","Q","2021-Q1",1.5461162456701,
"SWE","CPIFORECAST","TOT","AGRWTH","Q","2021-Q2",1.81051156603193,
"SWE","CPIFORECAST","TOT","AGRWTH","Q","2021-Q3",1.97704906446421,
"SWE","CPIFORECAST","TOT","AGRWTH","Q","2021-Q4",3.31175908146204,
"SWE","CPIFORECAST","TOT","AGRWTH","Q","2022-Q1",4.64778285328607,
"SWE","CPIFORECAST","TOT","AGRWTH","Q","2022-Q2",7.44734796824647,
"SWE","CPIFORECAST","TOT","AGRWTH","Q","2022-Q3",9.71948644964617,
"SWE","CPIFORECAST","TOT","AGRWTH","Q","2022-Q4",11.1707158084437,
"SWE","CPIFORECAST","TOT","AGRWTH","Q","2023-Q1",10.5430854894119,
"SWE","CPIFORECAST","TOT","AGRWTH","Q","2023-Q2",8.27862609879141,
"SWE","CPIFORECAST","TOT","AGRWTH","Q","2023-Q3",5.90989414880005,
"SWE","CPIFORECAST","TOT","AGRWTH","Q","2023-Q4",3.54261760320006,
"SWE","CPIFORECAST","TOT","AGRWTH","Q","2024-Q1",2.52349735120001,
"SWE","CPIFORECAST","TOT","AGRWTH","Q","2024-Q2",2.40179104477604,
"SWE","CPIFORECAST","TOT","AGRWTH","Q","2024-Q3",2.20159203980108,
"SWE","CPIFORECAST","TOT","AGRWTH","Q","2024-Q4",2.1014925373134,
"CHE","CPIFORECAST","TOT","AGRWTH","Q","2019-Q4",-0.0591290186484133,
"CHE","CPIFORECAST","TOT","AGRWTH","Q","2020-Q1",-0.139069721544701,
"CHE","CPIFORECAST","TOT","AGRWTH","Q","2020-Q2",-1.20734371862041,
"CHE","CPIFORECAST","TOT","AGRWTH","Q","2020-Q3",-0.878471649124931,
"CHE","CPIFORECAST","TOT","AGRWTH","Q","2020-Q4",-0.677072415916834,
"CHE","CPIFORECAST","TOT","AGRWTH","Q","2021-Q1",-0.44471948609269,
"CHE","CPIFORECAST","TOT","AGRWTH","Q","2021-Q2",0.506476694657239,
"CHE","CPIFORECAST","TOT","AGRWTH","Q","2021-Q3",0.830073129305532,
"CHE","CPIFORECAST","TOT","AGRWTH","Q","2021-Q4",1.44180691770012,
"CHE","CPIFORECAST","TOT","AGRWTH","Q","2022-Q1",2.05554903282545,
"CHE","CPIFORECAST","TOT","AGRWTH","Q","2022-Q2",2.96424902926174,
"CHE","CPIFORECAST","TOT","AGRWTH","Q","2022-Q3",3.37899905227445,
"CHE","CPIFORECAST","TOT","AGRWTH","Q","2022-Q4",3.1029671099975,
"CHE","CPIFORECAST","TOT","AGRWTH","Q","2023-Q1",3.2134000924417,
"CHE","CPIFORECAST","TOT","AGRWTH","Q","2023-Q2",2.55647532209396,
"CHE","CPIFORECAST","TOT","AGRWTH","Q","2023-Q3",2.03429476251202,
"CHE","CPIFORECAST","TOT","AGRWTH","Q","2023-Q4",2.05463247324794,
"CHE","CPIFORECAST","TOT","AGRWTH","Q","2024-Q1",1.50845307249921,
"CHE","CPIFORECAST","TOT","AGRWTH","Q","2024-Q2",1.4680114577292,
"CHE","CPIFORECAST","TOT","AGRWTH","Q","2024-Q3",1.44779467919614,
"CHE","CPIFORECAST","TOT","AGRWTH","Q","2024-Q4",1.4477946791962,
"USA","CPIFORECAST","TOT","AGRWTH","Q","2019-Q4",2.01643647684255,
"USA","CPIFORECAST","TOT","AGRWTH","Q","2020-Q1",2.10244276054838,
"USA","CPIFORECAST","TOT","AGRWTH","Q","2020-Q2",0.444735189312833,
"USA","CPIFORECAST","TOT","AGRWTH","Q","2020-Q3",1.25384590366533,
"USA","CPIFORECAST","TOT","AGRWTH","Q","2020-Q4",1.20009413517183,
"USA","CPIFORECAST","TOT","AGRWTH","Q","2021-Q1",1.89726417599191,
"USA","CPIFORECAST","TOT","AGRWTH","Q","2021-Q2",4.81322838330595,
"USA","CPIFORECAST","TOT","AGRWTH","Q","2021-Q3",5.29054506348992,
"USA","CPIFORECAST","TOT","AGRWTH","Q","2021-Q4",6.72125135918702,
"USA","CPIFORECAST","TOT","AGRWTH","Q","2022-Q1",8.00038959034824,
"USA","CPIFORECAST","TOT","AGRWTH","Q","2022-Q2",8.58063131836165,
"USA","CPIFORECAST","TOT","AGRWTH","Q","2022-Q3",8.31761217342494,
"USA","CPIFORECAST","TOT","AGRWTH","Q","2022-Q4",7.05465890320915,
"USA","CPIFORECAST","TOT","AGRWTH","Q","2023-Q1",5.60894095740366,
"USA","CPIFORECAST","TOT","AGRWTH","Q","2023-Q2",3.82199033934771,
"USA","CPIFORECAST","TOT","AGRWTH","Q","2023-Q3",3.12987841567927,
"USA","CPIFORECAST","TOT","AGRWTH","Q","2023-Q4",3.06318548102382,
"USA","CPIFORECAST","TOT","AGRWTH","Q","2024-Q1",2.8330649221165,
"USA","CPIFORECAST","TOT","AGRWTH","Q","2024-Q2",2.62381982809983,
"USA","CPIFORECAST","TOT","AGRWTH","Q","2024-Q3",2.47501253991384,
"USA","CPIFORECAST","TOT","AGRWTH","Q","2024-Q4",2.34992472195335,
"CHL","CPIFORECAST","TOT","AGRWTH","Q","2019-Q4",2.79180962143861,
"CHL","CPIFORECAST","TOT","AGRWTH","Q","2020-Q1",3.69969129661329,
"CHL","CPIFORECAST","TOT","AGRWTH","Q","2020-Q2",2.93237246252133,
"CHL","CPIFORECAST","TOT","AGRWTH","Q","2020-Q3",2.71434287820396,
"CHL","CPIFORECAST","TOT","AGRWTH","Q","2020-Q4",2.84717350696901,
"CHL","CPIFORECAST","TOT","AGRWTH","Q","2021-Q1",2.95044783186559,
"CHL","CPIFORECAST","TOT","AGRWTH","Q","2021-Q2",3.59091629007645,
"CHL","CPIFORECAST","TOT","AGRWTH","Q","2021-Q3",4.90335794732089,
"CHL","CPIFORECAST","TOT","AGRWTH","Q","2021-Q4",6.6179473118352,
"CHL","CPIFORECAST","TOT","AGRWTH","Q","2022-Q1",8.30279337507504,
"CHL","CPIFORECAST","TOT","AGRWTH","Q","2022-Q2",11.5176642247326,
"CHL","CPIFORECAST","TOT","AGRWTH","Q","2022-Q3",13.6631198223639,
"CHL","CPIFORECAST","TOT","AGRWTH","Q","2022-Q4",12.8175501648468,
"CHL","CPIFORECAST","TOT","AGRWTH","Q","2023-Q1",10.9762924565491,
"CHL","CPIFORECAST","TOT","AGRWTH","Q","2023-Q2",7.98292738938366,
"CHL","CPIFORECAST","TOT","AGRWTH","Q","2023-Q3",5.04030825200004,
"CHL","CPIFORECAST","TOT","AGRWTH","Q","2023-Q4",4.11166112600006,
"CHL","CPIFORECAST","TOT","AGRWTH","Q","2024-Q1",3.73615958142504,
"CHL","CPIFORECAST","TOT","AGRWTH","Q","2024-Q2",3.56668961775245,
"CHL","CPIFORECAST","TOT","AGRWTH","Q","2024-Q3",3.44870874300216,
"CHL","CPIFORECAST","TOT","AGRWTH","Q","2024-Q4",3.38206685927272,
"CHN","CPIFORECAST","TOT","AGRWTH","Q","2019-Q4",4.14855831646758,
"CHN","CPIFORECAST","TOT","AGRWTH","Q","2020-Q1",4.83900589419217,
"CHN","CPIFORECAST","TOT","AGRWTH","Q","2020-Q2",2.8739595483873,
"CHN","CPIFORECAST","TOT","AGRWTH","Q","2020-Q3",2.11773449162086,
"CHN","CPIFORECAST","TOT","AGRWTH","Q","2020-Q4",0.222463397894422,
"CHN","CPIFORECAST","TOT","AGRWTH","Q","2021-Q1",-0.0295412410702098,
"CHN","CPIFORECAST","TOT","AGRWTH","Q","2021-Q2",1.04883498026372,
"CHN","CPIFORECAST","TOT","AGRWTH","Q","2021-Q3",0.769999915246135,
"CHN","CPIFORECAST","TOT","AGRWTH","Q","2021-Q4",1.613088813819,
"CHN","CPIFORECAST","TOT","AGRWTH","Q","2022-Q1",1.11504600187279,
"CHN","CPIFORECAST","TOT","AGRWTH","Q","2022-Q2",2.05086760989502,
"CHN","CPIFORECAST","TOT","AGRWTH","Q","2022-Q3",2.5125096468857,
"CHN","CPIFORECAST","TOT","AGRWTH","Q","2022-Q4",2.42158019039857,
"CHN","CPIFORECAST","TOT","AGRWTH","Q","2023-Q1",2.72558214548067,
"CHN","CPIFORECAST","TOT","AGRWTH","Q","2023-Q2",2.05882250799781,
"CHN","CPIFORECAST","TOT","AGRWTH","Q","2023-Q3",2,
"CHN","CPIFORECAST","TOT","AGRWTH","Q","2023-Q4",2.00000000000002,
"CHN","CPIFORECAST","TOT","AGRWTH","Q","2024-Q1",2.00000000000005,
"CHN","CPIFORECAST","TOT","AGRWTH","Q","2024-Q2",1.99999999999996,
"CHN","CPIFORECAST","TOT","AGRWTH","Q","2024-Q3",2.00000000000008,
"CHN","CPIFORECAST","TOT","AGRWTH","Q","2024-Q4",2.00000000000011,
"COL","CPIFORECAST","TOT","AGRWTH","Q","2019-Q4",3.82257794767209,
"COL","CPIFORECAST","TOT","AGRWTH","Q","2020-Q1",3.74559399019978,
"COL","CPIFORECAST","TOT","AGRWTH","Q","2020-Q2",2.85856699824963,
"COL","CPIFORECAST","TOT","AGRWTH","Q","2020-Q3",1.92566192994458,
"COL","CPIFORECAST","TOT","AGRWTH","Q","2020-Q4",1.61364522889791,
"COL","CPIFORECAST","TOT","AGRWTH","Q","2021-Q1",1.55466681569174,
"COL","CPIFORECAST","TOT","AGRWTH","Q","2021-Q2",2.96121080477743,
"COL","CPIFORECAST","TOT","AGRWTH","Q","2021-Q3",4.2951736582262,
"COL","CPIFORECAST","TOT","AGRWTH","Q","2021-Q4",5.1536684793467,
"COL","CPIFORECAST","TOT","AGRWTH","Q","2022-Q1",7.82657768272349,
"COL","CPIFORECAST","TOT","AGRWTH","Q","2022-Q2",9.32481441406931,
"COL","CPIFORECAST","TOT","AGRWTH","Q","2022-Q3",10.8246676554262,
"COL","CPIFORECAST","TOT","AGRWTH","Q","2022-Q4",12.583390569434,
"COL","CPIFORECAST","TOT","AGRWTH","Q","2023-Q1",11.7609041433233,
"COL","CPIFORECAST","TOT","AGRWTH","Q","2023-Q2",10.4876979986344,
"COL","CPIFORECAST","TOT","AGRWTH","Q","2023-Q3",8.92719075218751,
"COL","CPIFORECAST","TOT","AGRWTH","Q","2023-Q4",7.07738401937502,
"COL","CPIFORECAST","TOT","AGRWTH","Q","2024-Q1",5.82195792437498,
"COL","CPIFORECAST","TOT","AGRWTH","Q","2024-Q2",5.04194349249994,
"COL","CPIFORECAST","TOT","AGRWTH","Q","2024-Q3",4.47275069524995,
"COL","CPIFORECAST","TOT","AGRWTH","Q","2024-Q4",4.06022255824996,
"CRI","CPIFORECAST","TOT","AGRWTH","Q","2019-Q4",1.76849131549399,
"CRI","CPIFORECAST","TOT","AGRWTH","Q","2020-Q1",1.79435596604043,
"CRI","CPIFORECAST","TOT","AGRWTH","Q","2020-Q2",0.595126975044222,
"CRI","CPIFORECAST","TOT","AGRWTH","Q","2020-Q3",0.0148654048669583,
"CRI","CPIFORECAST","TOT","AGRWTH","Q","2020-Q4",0.512147994492081,
"CRI","CPIFORECAST","TOT","AGRWTH","Q","2021-Q1",0.632831336576816,
"CRI","CPIFORECAST","TOT","AGRWTH","Q","2021-Q2",1.477826982289,
"CRI","CPIFORECAST","TOT","AGRWTH","Q","2021-Q3",1.73551522976703,
"CRI","CPIFORECAST","TOT","AGRWTH","Q","2021-Q4",3.05474090802835,
"CRI","CPIFORECAST","TOT","AGRWTH","Q","2022-Q1",4.73277289794499,
"CRI","CPIFORECAST","TOT","AGRWTH","Q","2022-Q2",8.63491666290801,
"CRI","CPIFORECAST","TOT","AGRWTH","Q","2022-Q3",11.3238828410028,
"CRI","CPIFORECAST","TOT","AGRWTH","Q","2022-Q4",10.5821632287688,
"CRI","CPIFORECAST","TOT","AGRWTH","Q","2023-Q1",10.2445994409022,
"CRI","CPIFORECAST","TOT","AGRWTH","Q","2023-Q2",7.12001536294239,
"CRI","CPIFORECAST","TOT","AGRWTH","Q","2023-Q3",5.20773126560011,
"CRI","CPIFORECAST","TOT","AGRWTH","Q","2023-Q4",5.24939769382413,
"CRI","CPIFORECAST","TOT","AGRWTH","Q","2024-Q1",4.65892371069914,
"CRI","CPIFORECAST","TOT","AGRWTH","Q","2024-Q2",4.29749674179197,
"CRI","CPIFORECAST","TOT","AGRWTH","Q","2024-Q3",4.08098355163997,
"CRI","CPIFORECAST","TOT","AGRWTH","Q","2024-Q4",3.95737193221988,
"ISR","CPIFORECAST","TOT","AGRWTH","Q","2019-Q4",0.465217126559901,
"ISR","CPIFORECAST","TOT","AGRWTH","Q","2020-Q1",0.102764673557461,
"ISR","CPIFORECAST","TOT","AGRWTH","Q","2020-Q2",-1.09020945728329,
"ISR","CPIFORECAST","TOT","AGRWTH","Q","2020-Q3",-0.69804553266749,
"ISR","CPIFORECAST","TOT","AGRWTH","Q","2020-Q4",-0.666086598674891,
"ISR","CPIFORECAST","TOT","AGRWTH","Q","2021-Q1",-0.0880480929571695,
"ISR","CPIFORECAST","TOT","AGRWTH","Q","2021-Q2",1.35129862634973,
"ISR","CPIFORECAST","TOT","AGRWTH","Q","2021-Q3",2.19080889189646,
"ISR","CPIFORECAST","TOT","AGRWTH","Q","2021-Q4",2.52539121542699,
"ISR","CPIFORECAST","TOT","AGRWTH","Q","2022-Q1",3.34686631513437,
"ISR","CPIFORECAST","TOT","AGRWTH","Q","2022-Q2",4.19520984697161,
"ISR","CPIFORECAST","TOT","AGRWTH","Q","2022-Q3",4.79351436570501,
"ISR","CPIFORECAST","TOT","AGRWTH","Q","2022-Q4",4.87530716787157,
"ISR","CPIFORECAST","TOT","AGRWTH","Q","2023-Q1",4.33924105330913,
"ISR","CPIFORECAST","TOT","AGRWTH","Q","2023-Q2",3.51529237271563,
"ISR","CPIFORECAST","TOT","AGRWTH","Q","2023-Q3",2.70784631751926,
"ISR","CPIFORECAST","TOT","AGRWTH","Q","2023-Q4",2.6357613977422,
"ISR","CPIFORECAST","TOT","AGRWTH","Q","2024-Q1",2.375014665568,
"ISR","CPIFORECAST","TOT","AGRWTH","Q","2024-Q2",2.21742337576172,
"ISR","CPIFORECAST","TOT","AGRWTH","Q","2024-Q3",2.11668595850338,
"ISR","CPIFORECAST","TOT","AGRWTH","Q","2024-Q4",2.01502774793722,
"OECD","CPIFORECAST","TOT","AGRWTH","Q","2019-Q4",1.69524447876672,
"OECD","CPIFORECAST","TOT","AGRWTH","Q","2020-Q1",1.91973487012383,
"OECD","CPIFORECAST","TOT","AGRWTH","Q","2020-Q2",0.941419908153978,
"OECD","CPIFORECAST","TOT","AGRWTH","Q","2020-Q3",1.23216625183481,
"OECD","CPIFORECAST","TOT","AGRWTH","Q","2020-Q4",1.15536170919483,
"OECD","CPIFORECAST","TOT","AGRWTH","Q","2021-Q1",1.92712402875606,
"OECD","CPIFORECAST","TOT","AGRWTH","Q","2021-Q2",3.35629876114746,
"OECD","CPIFORECAST","TOT","AGRWTH","Q","2021-Q3",4.08537432735598,
"OECD","CPIFORECAST","TOT","AGRWTH","Q","2021-Q4",5.58893226954181,
"OECD","CPIFORECAST","TOT","AGRWTH","Q","2022-Q1",7.49655075848452,
"OECD","CPIFORECAST","TOT","AGRWTH","Q","2022-Q2",9.21287257620055,
"OECD","CPIFORECAST","TOT","AGRWTH","Q","2022-Q3",9.89175532311853,
"OECD","CPIFORECAST","TOT","AGRWTH","Q","2022-Q4",9.67880874334458,
"OECD","CPIFORECAST","TOT","AGRWTH","Q","2023-Q1",8.14771621923881,
"OECD","CPIFORECAST","TOT","AGRWTH","Q","2023-Q2",6.68753294166197,
"OECD","CPIFORECAST","TOT","AGRWTH","Q","2023-Q3",5.89734462591357,
"OECD","CPIFORECAST","TOT","AGRWTH","Q","2023-Q4",5.57322513257745,
"OECD","CPIFORECAST","TOT","AGRWTH","Q","2024-Q1",5.31148361462547,
"OECD","CPIFORECAST","TOT","AGRWTH","Q","2024-Q2",5.16663655291704,
"OECD","CPIFORECAST","TOT","AGRWTH","Q","2024-Q3",5.12042592694401,
"OECD","CPIFORECAST","TOT","AGRWTH","Q","2024-Q4",5.05606821589043,
